{"cameraMode":{"drawMode":0,"name":"Shaded","section":"Shading Mode"},"sceneLighting":true,"audioPlay":false,"sceneViewState":{"m_AlwaysRefresh":false,"showFog":true,"showSkybox":true,"showFlares":true,"showImageEffects":true,"showParticleSystems":true,"showVisualEffectGraphs":true,"m_FxEnabled":true},"in2DMode":false,"pivot":{"x":372.0987243652344,"y":1248.5616455078125,"z":-229.00091552734376},"rotation":{"x":0.0064921011216938499,"y":0.9925618767738342,"z":-0.10491441190242768,"w":0.06141951307654381},"size":1314.06494140625,"orthographic":false}