{"cameraMode":{"drawMode":0,"name":"Shaded","section":"Shading Mode"},"sceneLighting":true,"audioPlay":false,"sceneViewState":{"m_AlwaysRefresh":false,"showFog":true,"showSkybox":true,"showFlares":true,"showImageEffects":true,"showParticleSystems":true,"showVisualEffectGraphs":true,"m_FxEnabled":true},"in2DMode":false,"pivot":{"x":140.11634826660157,"y":292.5711669921875,"z":-51.865291595458987},"rotation":{"x":0.0064921011216938499,"y":0.9925618767738342,"z":-0.10491441190242768,"w":0.06141951307654381},"size":546.8939819335938,"orthographic":false}